"time","INV01 - PowerActive - kW","INV01 - Temperature - °C","INV01 - Voltage - V","INV02 - PowerActive - kW","INV02 - Temperature - °C","INV02 - Voltage - V","INV03 - PowerActive - kW","INV03 - Temperature - °C","INV03 - Voltage - V","INV04 - PowerActive - kW","INV04 - Temperature - °C","INV04 - Voltage - V","INV05 - PowerActive - kW","INV05 - Temperature - °C","INV05 - Voltage - V","INV06 - PowerActive - kW","INV06 - Temperature - °C","INV06 - Voltage - V","INV07 - PowerActive - kW","INV07 - Temperature - °C","INV07 - Voltage - V","INV08 - PowerActive - kW","INV08 - Temperature - °C","INV08 - Voltage - V","INV09 - PowerActive - kW","INV09 - Temperature - °C","INV09 - Voltage - V"
"0:05","0","34.6","0","0","33.29999923706","0","0","33.720000457764","0","0","33","0","0","32.240000152588","0","0","33.5","0","0","38.5","0","0","30.200000762939","0","0","32.79999923706","0"
"0:10","0","34.360000610351","0","0","33.200000762939","0","0","33.680000305176","0","0","33","0","0","32.200000762939","0","0","33.340000152588","0","0","38.5","0","0","30.200000762939","0","0","32.79999923706","0"
"0:15","0","34.200000762939","0","0","33.200000762939","0","0","33.5","0","0","33","0","0","32.200000762939","0","0","33.200000762939","0","0","38.359999847412","0","0","30.459999847412","0","0","32.79999923706","0"
"0:20","0","34.200000762939","0","0","33.080000305176","0","0","33.5","0","0","33","0","0","32.200000762939","0","0","33.200000762939","0","0","38.5","0","0","30.5","0","0","32.880000305176","0"
"0:25","0","34.200000762939","0","0","33","0","0","33.5","0","0","33","0","0","32.200000762939","0","0","33.459999847412","0","0","38.5","0","0","30.680000686645","0","0","33.099998474121","0"
"0:30","0","34.200000762939","0","0","33.1","0","0","33.680000305176","0","0","33.040000152588","0","0","32.200000762939","0","0","33.5","0","0","38.5","0","0","30.720000457764","0","0","33.200000762939","0"
"0:35","0","34.180000305176","0","0","33","0","0","33.700000762939","0","0","33.200000762939","0","0","32.200000762939","0","0","33.5","0","0","38.5","0","0","30.799999237061","0","0","33.200000762939","0"
"0:40","0","34.099999237061","0","0","33","0","0","33.700000762939","0","0","33.040000152588","0","0","32.200000762939","0","0","33.5","0","0","38.5","0","0","30.799999237061","0","0","33.200000762939","0"
"0:45","0","34.079998779297","0","0","33","0","0","33.700000762939","0","0","33","0","0","32.200000762939","0","0","33.5","0","0","38.5","0","0","30.799999237061","0","0","33.200000762939","0"
"0:50","0","34.059999084473","0","0","33","0","0","33.620000457764","0","0","33","0","0","32.200000762939","0","0","33.5","0","0","38.5","0","0","30.799999237061","0","0","33.200000762939","0"
"0:55","0","33.860000610351","0","0","33","0","0","33.5","0","0","33","0","0","32.200000762939","0","0","33.459999847412","0","0","38.5","0","0","30.779999542236","0","0","33.200000762939","0"
"1:00","0","33.819999694824","0","0","32.980000305176","0","0","33.480000305176","0","0","32.720000457764","0","0","32.160000610352","0","0","33.200000762939","0","0","38.5","0","0","30.700000762939","0","0","33.139999389648","0"
"1:05","0","33.740000152588","0","0","32.700000762939","0","0","33.200000762939","0","0","32.700000762939","0","0","32","0","0","33.200000762939","0","0","38.480000305176","0","0","30.700000762939","0","0","33.079998779297","0"
"1:10","0","33.700000762939","0","0","32.700000762939","0","0","33.200000762939","0","0","32.700000762939","0","0","32","0","0","33.180000305176","0","0","38.200000762939","0","0","30.700000762939","0","0","33.079998779297","0"
"1:15","0","33.700000762939","0","0","32.700000762939","0","0","33.200000762939","0","0","32.700000762939","0","0","32","0","0","33.079998779297","0","0","38.200000762939","0","0","30.700000762939","0","0","33.059999084473","0"
"1:20","0","33.640000152588","0","0","32.640000152588","0","0","33.200000762939","0","0","32.700000762939","0","0","32","0","0","33.079998779297","0","0","38.200000762939","0","0","30.700000762939","0","0","33.099998474121","0"
"1:25","0","33.6","0","0","32.599998474121","0","0","33.200000762939","0","0","32.700000762939","0","0","32","0","0","33.079998779297","0","0","38.200000762939","0","0","30.700000762939","0","0","33.079998779297","0"
"1:30","0","33.5","0","0","32.579998779297","0","0","33.159999847412","0","0","32.700000762939","0","0","32","0","0","33.099998474121","0","0","38.200000762939","0","0","30.700000762939","0","0","33.099998474121","0"
"1:35","0","33.5","0","0","32.559999084473","0","0","33.059999084473","0","0","32.660000610352","0","0","31.9","0","0","33.079998779297","0","0","38.200000762939","0","0","30.580000305176","0","0","32.939999389648","0"
"1:40","0","33.420000457764","0","0","32.439999389648","0","0","33.079998779297","0","0","32.559999084473","0","0","31.700000762939","0","0","33.039999389648","0","0","38.040000152588","0","0","30.5","0","0","32.840000152588","0"
"1:45","0","33.200000762939","0","0","32.319999694824","0","0","32.880000305176","0","0","32.459999847412","0","0","31.700000762939","0","0","32.79999923706","0","0","38","0","0","30.459999847412","0","0","32.79999923706","0"
"1:50","0","33.200000762939","0","0","32.319999694824","0","0","32.819999694824","0","0","32.29999923706","0","0","31.620000457764","0","0","32.8","0","0","38","0","0","30.200000762939","0","0","32.720000457764","0"
"1:55","0","33.119999694824","0","0","32.280000305176","0","0","32.819999694824","0","0","32.340000152588","0","0","31.60000038147","0","0","32.700000762939","0","0","37.920001220703","0","0","30.200000762939","0","0","32.700000762939","0"
"2:00","0","33.059999084473","0","0","32.200000762939","0","0","32.819999694824","0","0","32.319999694824","0","0","31.60000038147","0","0","32.700000762939","0","0","37.900001525879","0","0","30.200000762939","0","0","32.700000762939","0"
"2:05","0","33.079998779297","0","0","32.200000762939","0","0","32.740000152588","0","0","32.220000457764","0","0","31.379999542236","0","0","32.700000762939","0","0","37.900001525879","0","0","30.10000038147","0","0","32.580000305176","0"
"2:10","0","33.019999694824","0","0","32.200000762939","0","0","32.700000762939","0","0","32.200000762939","0","0","31.299999237061","0","0","32.700000762939","0","0","37.820001220703","0","0","30.10000038147","0","0","32.5","0"
"2:15","0","32.880000305176","0","0","32.160000610352","0","0","32.700000762939","0","0","32.200000762939","0","0","31.299999237061","0","0","32.700000762939","0","0","37.700000762939","0","0","30.10000038147","0","0","32.5","0"
"2:20","0","32.819999694824","0","0","32","0","0","32.700000762939","0","0","32.019999694824","0","0","31.299999237061","0","0","32.540000152588","0","0","37.700000762939","0","0","30.080000305176","0","0","32.5","0"
"2:25","0","32.840000152588","0","0","32","0","0","32.519999694824","0","0","32","0","0","31.259999847412","0","0","32.5","0","0","37.700000762939","0","0","29.799999237061","0","0","32.5","0"
"2:30","0","32.759999847412","0","0","32","0","0","32.5","0","0","32","0","0","31.200000762939","0","0","32.5","0","0","37.700000762939","0","0","29.799999237061","0","0","32.5","0"
"2:35","0","32.720000457764","0","0","31.720000457764","0","0","32.5","0","0","32","0","0","31.200000762939","0","0","32.5","0","0","37.540000152588","0","0","29.799999237061","0","0","32.480000305176","0"
"2:40","0","32.700000762939","0","0","31.700000762939","0","0","32.5","0","0","32","0","0","31.200000762939","0","0","32.5","0","0","37.5","0","0","29.799999237061","0","0","32.200000762939","0"
"2:45","0","32.700000762939","0","0","31.700000762939","0","0","32.5","0","0","32","0","0","31.200000762939","0","0","32.5","0","0","37.5","0","0","29.799999237061","0","0","32.200000762939","0"
"2:50","0","32.559999847412","0","0","31.700000762939","0","0","32.5","0","0","32","0","0","31.200000762939","0","0","32.5","0","0","37.5","0","0","29.799999237061","0","0","32.200000762939","0"
"2:55","0","32.5","0","0","31.700000762939","0","0","32.5","0","0","32","0","0","31.200000762939","0","0","32.5","0","0","37.5","0","0","29.779999542236","0","0","32.200000762939","0"
"3:00","0","32.5","0","0","31.680000686645","0","0","32.220000457764","0","0","32","0","0","31.120000457764","0","0","32.360000610351","0","0","37.5","0","0","29.700000762939","0","0","32.200000762939","0"
"3:05","0","32.480000305176","0","0","31.60000038147","0","0","32.200000762939","0","0","31.80000038147","0","0","31","0","0","32.200000762939","0","0","37.340000152588","0","0","29.700000762939","0","0","32.200000762939","0"
"3:10","0","32.240000915527","0","0","31.60000038147","0","0","32.160000610352","0","0","31.700000762939","0","0","30.959999847412","0","0","32.200000762939","0","0","37.200000762939","0","0","29.700000762939","0","0","32.140000152588","0"
"3:15","0","32.200000762939","0","0","31.60000038147","0","0","32.059999084473","0","0","31.700000762939","0","0","30.700000762939","0","0","32.099999237061","0","0","37.200000762939","0","0","29.620000457764","0","0","32.079998779297","0"
"3:20","0","32.200000762939","0","0","31.60000038147","0","0","32.079998779297","0","0","31.60000038147","0","0","30.700000762939","0","0","32.079998779297","0","0","37.180000305176","0","0","29.5","0","0","32.059999084473","0"
"3:25","0","32.159999847412","0","0","31.319999313354","0","0","32.079998779297","0","0","31.60000038147","0","0","30.700000762939","0","0","32.079998779297","0","0","37","0","0","29.5","0","0","31.939999008179","0"
"3:30","0","32.039999389648","0","0","31.299999237061","0","0","31.919999313354","0","0","31.560000228882","0","0","30.620000457764","0","0","31.879999160767","0","0","37","0","0","29.4","0","0","31.799999237061","0"
"3:35","0","32.079998779297","0","0","31.299999237061","0","0","31.799999237061","0","0","31.339999389648","0","0","30.60000038147","0","0","31.799999237061","0","0","36.980000305176","0","0","29.200000762939","0","0","31.799999237061","0"
"3:40","0","32.059999084473","0","0","31.220000457764","0","0","31.799999237061","0","0","31.299999237061","0","0","30.60000038147","0","0","31.759999847412","0","0","36.900001525879","0","0","29.200000762939","0","0","31.799999237061","0"
"3:45","0","31.919999313354","0","0","31.200000762939","0","0","31.779999542236","0","0","31.299999237061","0","0","30.379999542236","0","0","31.700000762939","0","0","36.900001525879","0","0","29.200000762939","0","0","31.740000152588","0"
"3:50","0","31.799999237061","0","0","31.200000762939","0","0","31.700000762939","0","0","31.279999542236","0","0","30.299999237061","0","0","31.700000762939","0","0","36.820001220703","0","0","29.120000457764","0","0","31.700000762939","0"
"3:55","0","31.799999237061","0","0","31.200000762939","0","0","31.700000762939","0","0","31.299999237061","0","0","30.299999237061","0","0","31.700000762939","0","0","36.700000762939","0","0","29.10000038147","0","0","31.700000762939","0"
"4:00","0","31.799999237061","0","0","31.200000762939","0","0","31.700000762939","0","0","31.299999237061","0","0","30.299999237061","0","0","31.700000762939","0","0","36.700000762939","0","0","29.10000038147","0","0","31.700000762939","0"
"4:05","0","31.779999542236","0","0","31.120000457764","0","0","31.700000762939","0","0","31.299999237061","0","0","30.299999237061","0","0","31.700000762939","0","0","36.700000762939","0","0","29.10000038147","0","0","31.700000762939","0"
"4:10","0","31.700000762939","0","0","31","0","0","31.700000762939","0","0","31.319999313354","0","0","30.319999313354","0","0","25.360000610351","0","0","29.360000610351","0","0","23.280000305176","0","0","25.360000610351","0"
"4:15","0","31.720000457764","0","0","31","0","0","31.700000762939","0","0","31.299999237061","0","0","30.299999237061","0","0","31.700000762939","0","0","36.700000762939","0","0","29.10000038147","0","0","31.680000686645","0"
"4:20","0","31.700000762939","0","0","31","0","0","31.700000762939","0","0","31.240000152588","0","0","30.299999237061","0","0","31.700000762939","0","0","36.700000762939","0","0","29.060000228882","0","0","31.5","0"
"4:25","0","31.700000762939","0","0","30.959999847412","0","0","31.540000152588","0","0","31.200000762939","0","0","30.279999542236","0","0","31.560000228882","0","0","36.680000305176","0","0","28.799999237061","0","0","31.5","0"
"4:30","0","31.700000762939","0","0","30.700000762939","0","0","31.5","0","0","31.160000610351","0","0","30.200000762939","0","0","31.5","0","0","36.5","0","0","28.799999237061","0","0","31.5","0"
"4:35","0","31.580000305176","0","0","30.700000762939","0","0","31.5","0","0","31","0","0","30.200000762939","0","0","31.5","0","0","36.5","0","0","28.799999237061","0","0","31.479999923706","0"
"4:40","0","31.5","0","0","30.700000762939","0","0","31.240000534058","0","0","31","0","0","30.120000457764","0","0","31.220000457764","0","0","36.5","0","0","28.799999237061","0","0","31.200000762939","0"
"4:45","0","31.479999923706","0","0","30.640000534058","0","0","31.200000762939","0","0","30.820000457764","0","0","30","0","0","31.200000762939","0","0","36.280000305176","0","0","28.740000152588","0","0","31.200000762939","0"
"4:50","0","31.320000076294","0","0","30.60000038147","0","0","31.140000534058","0","0","30.700000762939","0","0","30","0","0","31.120000457764","0","0","36.200000762939","0","0","28.700000762939","0","0","31.180000686645","0"
"4:55","0","31.200000762939","0","0","30.60000038147","0","0","31.10000038147","0","0","30.640000534058","0","0","30","0","0","31.10000038147","0","0","36.200000762939","0","0","28.700000762939","0","0","31.10000038147","0"
"5:00","0","31.200000762939","0","0","30.379999542236","0","0","31.10000038147","0","0","30.60000038147","0","0","29.780000305176","0","0","31.10000038147","0","0","36.180000305176","0","0","28.620000457764","0","0","31.10000038147","0"
"5:05","0","31.200000762939","0","0","30.299999237061","0","0","31.10000038147","0","0","30.60000038147","0","0","29.700000762939","0","0","31.10000038147","0","0","36.079998779297","0","0","28.5","0","0","31.020000076294","0"
"5:10","0","31.200000762939","0","0","30.299999237061","0","0","30.919999694824","0","0","30.60000038147","0","0","29.700000762939","0","0","31","0","0","36.079998779297","0","0","28.5","0","0","30.799999237061","0"
"5:15","0","31.160000610351","0","0","30.299999237061","0","0","30.799999237061","0","0","30.60000038147","0","0","29.700000762939","0","0","30.799999237061","0","0","36.059999084473","0","0","28.5","0","0","30.799999237061","0"
"5:20","0","31.10000038147","0","0","30.299999237061","0","0","30.799999237061","0","0","30.60000038147","0","0","29.700000762939","0","0","30.799999237061","0","0","36.039999389648","0","0","28.5","0","0","30.799999237061","0"
"5:25","0","31.10000038147","0","0","30.299999237061","0","0","30.799999237061","0","0","30.459999847412","0","0","29.700000762939","0","0","30.799999237061","0","0","35.940000152588","0","0","28.459999847412","0","0","30.799999237061","0"
"5:30","0","31.10000038147","0","0","30.299999237061","0","0","30.799999237061","0","0","30.299999237061","0","0","29.60000038147","0","0","30.799999237061","0","0","35.819999694824","0","0","28.459999847412","0","0","30.799999237061","0"
"5:35","0","31.060000228882","0","0","30.240000152588","0","0","30.799999237061","0","0","30.299999237061","0","0","29.60000038147","0","0","30.799999237061","0","0","35.840000152588","0","0","28.200000762939","0","0","30.799999237061","0"
"5:40","0","30.89999961853","0","0","30.200000762939","0","0","30.740000152588","0","0","30.299999237061","0","0","29.60000038147","0","0","30.799999237061","0","0","35.840000152588","0","0","28.200000762939","0","0","30.779999542236","0"
"5:45","0","30.799999237061","0","0","30.200000762939","0","0","30.700000762939","0","0","30.240000152588","0","0","29.60000038147","0","0","30.799999237061","0","0","34.979999923706","0","0","28.200000762939","0","0","30.700000762939","0"
"5:50","0","29.459999847412","291.14000244141","0","29.780000305176","385.65999145508","0","28.900000762939","336.44000244141","0","28.40000038147","366.69999389648","0","28.160000228882","279.38000488281","0","29.280000305176","469.82000427246","0","35.819999694824","0","0","27.220000457764","0","0","29.60000038147","308.25999755859"
"5:55","0","30.820000076294","821.71999511719","0","30.10000038147","822.04000244141","0","30.700000762939","820.81999511719","0","30.200000762939","822.7","0","29.5","821.7","0","30.700000762939","821.99998779297","0","35.480000305176","347.07999572754","0","28.180000686645","241.27999267578","0","30.700000762939","822.65999755859"
"6:00","0","30.620000076294","824.37999267578","0","29.920000076294","824.24001464844","0","30.560000228882","824.04000244141","0","30.120000457764","825.17999267578","0","29.5","824.98000488281","0","30.580000305176","824.3","0","35.079998779297","823.75999755859","0","28.120000457764","821.81999511719","0","30.580000305176","825.13999023437"
"6:05","0.040000000596046","30.759999847412","825.8","0.020000000298023","30.020000076294","825.46000976563","0.020000000298023","30.620000457764","825.62000732422","0.020000000298023","30.259999847412","826.26000976562","0.040000000596046","29.580000305176","826.35999755859","0.06000000089407","30.720000076294","825.65999755859","0","34.240000152588","825.15999755859","0.019585327245592","28.10000038147","823.26000976562","0.040000000596046","30.70000038147","826.5"
"6:10","0.22000000625849","31.10000038147","824.56000976562","0.1200000025332","30.340000152588","824.47999267578","0.20000000596046","30.79999961853","824.42000732422","0.22000000625849","30.520000076294","825.35999755859","0.22000000625849","29.759999847412","825.1","0.28000000715256","30.89999961853","824.45999755859","0.12000000178814","34.519999694824","824.13997802734","0.19847729654255","27.760000228882","822.14000244141","0.26000000536442","30.919999694824","825.31999511719"
"6:15","0.60000000596046","31.260000228882","826.34000244141","0.29000000059605","30.540000152588","826.16000976562","0.54000000357628","31.10000038147","826.17999267578","0.54000000357628","30.680000686645","827.14000244141","0.54000000357628","29.959999847412","827.01999511719","0.62000000476837","31.140000534058","826.4","0.46000000834465","35.1","825.98000488281","0.50717827161018","27.5","823.95999755859","0.60000000596046","31.140000534058","827.3"
"6:20","0.93999999761581","31.419999694824","823.93999023438","0.46000000238419","30.700000762939","823.85999755859","0.9200000166893","31.180000686645","823.91999511719","0.94000000953674","30.959999847412","824.69998779297","0.9200000166893","30.140000534058","824.56000976562","0.99999998807907","31.30000038147","823.97999267578","0.82000000476837","35.520000457764","823.65999755859","0.78290001420223","27.620000457764","821.68000488281","0.88000000715256","31.200000762939","824.80001220703"
"6:25","1.5400000095367","31.560000228882","823.05999755859","0.73999999761581","30.819999313354","822.85999755859","1.9799999952316","31.420000076294","822.9","1.9599999904632","31.140000534058","823.84000244141","1.8999999761581","30.360000228882","823.8","2.0200000286102","31.520000076294","823.05999755859","1.8400000095367","35.780000305176","822.74000244141","1.3886633714216","27.859999847412","820.78000488281","2.0000000238418","31.479999923706","823.92000732422"
"6:30","2.9599999904632","31.740000534058","823.09998779297","1.2899999976158","31.10000038147","823.02000732422","4.339999961853","31.700000762939","823.00001220703","4.3","31.379999923706","824","3.7000000476837","30.760000228882","823.88000488281","4.2400000095367","31.859999847412","823.31999511719","4.060000038147","36.180000305176","823.05999755859","2.4793494465902","28.440000152588","821.13999023437","4.2599999904632","31.779999923706","824.23999023438"
"6:35","5.6200000762939","32.040000152588","823.48000488281","2.4899999856949","31.20000038147","823.38000488281","7.8400000572204","31.879999542236","823.24000244141","8.1200000762939","31.9","824.24000244141","6.4599999427795","31.30000038147","824.13999023437","7.6599999427795","32.440000152588","823.6","7.639999961853","36.720000457764","823.45999755859","4.1129200783691","29.1","821.35999755859","7.7600001335144","32.239999389648","824.61999511719"
"6:40","10.2","32.320000457764","823.42000732422","4.2300000667572","31.520000076294","823.24001464844","12.4","32.339999389648","822.95999755859","12.800000190735","32.540000152588","824.14000244141","9.939999961853","31.959999847412","824.04000244141","12.060000038147","33.060000610352","823.48000488281","12.160000038147","37.319999694824","823.39998779297","6.1861542756118","29.979999923706","821.44000244141","12.239999961853","32.859999847412","824.72000732422"
"6:45","16.480000305176","32.559999847412","824.42000732422","6.3800000190735","31.740000152588","824.28000488281","17.580000114441","33","823.80001220703","18.519999694824","33.360000610351","824.94000244141","14.139999771118","32.7","825.02000732422","17.220000076294","33.779999542236","824.58000488281","17.560000419617","38.040000915527","824.51999511719","8.5217631208314","30.840000152588","822.48000488281","17.579999923706","33.540000152588","825.95999755859"
"6:50","23.19999961853","32.9","826.78000488281","9.189999961853","31.979999160767","826.9","23.540000152588","33.840000152588","825.92000732422","25","34.119999694824","827.17999267578","18.440000152588","33.5","827.09998779297","22.99999961853","34.520000457764","826.98000488281","23.579999923706","38.840000152588","826.92000732422","11.568417558032","31.719999694824","824.81999511719","23.5","34.29999923706","828.54000244141"
"6:55","30.059999847412","33.260000610351","826.98000488281","12.340000152588","32.280000305176","826.94001464844","29.879999923706","34.659999847412","825.92000732422","31.59999961853","34.939999389648","827.36000976563","23.319999694824","34.279999542236","827.26000976562","29.380000305176","35.179999542236","827.01999511719","29.89999923706","39.619999694824","827.09998779297","14.987740064696","32.620000457764","825.04000244141","30","35.020000457764","828.77999267578"
"7:00","36.980000305176","33.679999542236","827.4","15.850000190735","32.720000457764","827.78000488281","36.140000152588","35.5","826.1","38.119999694824","35.740000152588","827.68000488281","28.360000610351","35.060000610352","827.47999267578","35.4","35.959999084473","827.5","36.340000152588","40.419999694824","827.68000488281","18.355643337099","33.479999542236","825.65999755859","36.620000457764","35.779999542236","829.58001708984"
"7:05","44.079999542236","34.160000610352","827.36000976563","19.419999694824","33.080000305176","827.84001464844","43.360000610351","36.319999694824","825.9","45.580001068115","36.580000305176","827.5","33.8","35.9","827.51999511719","42.179999542236","36.780000305176","827.53997802734","43.480000305176","41.259999847412","827.7","23.651184549572","34.420000457764","825.85999755859","43.619999694824","36.560000610352","829.8"
"7:10","50.319999694824","34.579999542236","826.77999267578","22.979999923706","33.640000152588","827.37999267578","49.459999847412","37.139999389648","824.96000976563","52.2","37.479999542236","826.75999755859","38.9","36.640000152588","826.6","49.059999847412","37.400000762939","826.96000976563","49.820000457764","42.180000305176","827.23999023438","29.080965430466","35.319999694824","825.26000976562","49.920000457764","37.340000152588","829.35999755859"
"7:15","55.2","35.180000305176","827.05999755859","26.890000534058","34.2","827.98000488281","55.679999542236","37.9","825.29998779297","58.840000915527","38.180000305176","826.91999511719","43.959999847412","37.380000305176","827","54.679999542236","38.060000610352","827.29998779297","55.459999847412","43","827.6","34.116831079887","36.240000152588","825.71999511719","56.659999847412","38.139999389648","829.9"
"7:20","62.300000762939","35.220000457764","827.9","30.70000038147","34.620000457764","829.14000244141","62.380000305176","38.2","825.94001464844","65.839999389648","37.679999542236","827.72000732422","48.640000152588","38.080000305176","827.92000732422","61.280000305176","38.819999694824","828.3","62.319998931885","42.940000152588","828.7","40.459968821795","37.140000152588","826.84000244141","63.240000915527","38.5","831.10001220703"
"7:25","70.540000915527","33.1","831.8","34.699999237061","32.680000305176","832.94000244141","69.660000610352","36.2","829.2","73.119999694824","36.780001068115","831.09998779297","54.840000152588","38.860000610351","831.38000488281","68.840000915527","37.980000305176","831.82000732422","70.039999389648","41.1","832.44000244141","47.666422237969","38.139999389648","830.54000244141","70.260000610351","37.380000305176","834.99998779297"
"7:30","79.020001220703","33.280000305176","830.72000732422","38.65","32.6","831.81999511719","76.360000610352","36.059999847412","827.82000732422","79.840000915527","37.080001068115","829.7","60.820000457764","39.579999542236","830.07999267578","75.679998779297","37.740000915527","830.57998046875","77.319999694824","41.219999694824","831.14000244141","53.875081154699","39.1","829.48001708984","76.879998779297","37.540000915527","833.92000732422"
"7:35","88.659999084473","34.380000305176","830.74000244141","42.709999847412","33.819998931885","832.02000732422","84.9","36.9","827.34000244141","86.459999084473","38.059999084473","829.57999267578","66.639997863769","38.780000305176","829.77999267578","83.619999694824","38.280000305176","830.6","84.719999694824","42","831.32000732422","62.752492028382","40.060000610352","829.65999755859","83.939999389648","38.4","834.17999267578"
"7:40","93.280000305176","35.740000152588","834.14000244141","44.929999542236","35.2","835.65999755859","89.239999389648","38.3","830.81999511719","89.380000305176","39.29999923706","832.98000488281","69.859999084473","38.359999847412","833.13999023437","88.080001831055","39.3","834.18001708984","88.620001220703","43.160000610352","834.8","70.227722612652","41","833.24000244141","89.360000610352","39.6","837.81999511719"
"7:45","94.680000305176","37.240000152588","832.51999511719","46.230000305176","36.740000152588","834.09998779297","90.760000610351","40.140000152588","829.11998291016","90.840000915527","40.7","831.25998535156","71.580000305176","39.220000457764","831.52000732422","89.639999389648","40.539999389648","832.54000244141","90.140000915527","44.619999694824","833.21999511719","75.882852079543","42","831.71999511719","90.880000305176","41.079999542236","836.17999267578"
"7:50","96.160000610352","38.8","834.7","47.359999847412","38.340000152588","836.33999023438","92.259999084473","41.779999542236","831.23999023438","92.359999084473","42.120000457764","833.45999755859","73.319999694824","40.2","833.74000244141","91.360000610352","41.819998931885","834.55999755859","91.7","45.940000915527","835.5","81.793741139447","42.979999542236","833.91999511719","92.380000305176","42.440000915527","838.45999755859"
"7:55","97.639999389648","40.240000152588","834.39998779297","48.329999542236","39.819998931885","835.98000488281","93.659999084473","43.119999694824","830.68000488281","93.780001831055","43.240000152588","832.98000488281","74.959999084473","41.119999694824","833.36000976563","93.259999084473","43","834.36000976563","93.039999389648","47.220000457764","835.08000488281","89.489926323435","43.879999542236","833.60001220703","93.6","43.640000152588","838.1"
"8:00","98.939999389648","41.6","834.12001953125","49.130000305176","41.140000152588","835.95999755859","95.060000610351","44.259999847412","830.37999267578","95.219999694824","44.320000457764","832.74000244141","76.540000915527","42.080000305176","833.1","94.459999084473","44.319999694824","834.01999511719","94.300001525879","48.7","835.04000244141","93.648348274685","44.920000457764","833.51999511719","94.719999694824","45.1","837.82000732422"
"8:05","100.21999969482","42.819999694824","835.8","49.85","42.380000305176","837.65999755859","96.119999694824","45.539999389648","832.22000732422","96.380000305176","45.280000305176","834.52000732422","77.980000305176","42.979999542236","834.91999511719","95.679998779297","45.5","835.94000244141","95.5","49.980000305176","836.80001220703","94.203628733167","45.980000305176","835.32000732422","95.960000610351","46.359999847412","839.70001220703"
"8:10","101.41999969482","43.880000305176","837.40001220703","50.430000305175","43.4","839.11999511719","97.3","46.740000152588","833.67998046875","97.580000305176","46.3","836","79.519999694824","43.959999847412","836.30001220703","96.879998779297","46.680000305176","837.41999511719","96.679998779297","51.2","838.4","95.662576619293","47.040000915527","837.06000976562","97.199998474121","47.580000305176","841.2"
"8:15","102.33999938965","44.9","836.47999267578","50.919999694824","44.4","838.2","98.299998474121","47.8","832.67999267578","98.560000610351","47.359999847412","834.9","80.9","44.860000610351","835.27999267578","97.760000610351","47.720000457764","836.35998535156","97.440000915527","52.339999389648","837.40001220703","97.616486558536","48","836.20001220703","97.9","48.599999237061","840.15999755859"
"8:20","103","45.9","836.24000244141","51.259999847412","45.339999389648","838.13999023437","98.959999084473","49.019999694824","832.60001220703","99.1","48.559999084473","834.84000244141","81.980000305176","45.920001220703","835.23999023438","98.339999389648","48.980000305176","836.29998779297","98.040000915527","53.559999084473","837.36000976563","98.959999084473","48.959999084473","836","98.66000213623","49.719999694824","840.08000488281"
"8:25","103.54000091553","46.880000305176","836.36000976563","51.520000457764","46.3","838.24000244141","99.440000915527","50.400000762939","832.65999755859","99.539999389648","49.719999694824","834.93999023438","82.980000305176","46.919999694824","835.3","98.759999084473","50.2","836.4","98.919999694824","54.620000457764","837.48000488281","99.440000915527","49.840000152588","836.2","99.240000915527","50.7","840.2"
"8:30","104.09999847412","47.720000457764","836.94000244141","51.75","47.3","838.87999267578","99.940000915527","51.460000610351","833.23999023438","100.03999938965","50.659999847412","835.55999755859","84.019999694824","47.700000762939","835.87999267578","99.5","50.940000915527","837.02000732422","99.6","55.459999084473","838.13999023437","99.940000915527","50.779999542236","837","99.819999694824","51.8","840.75998535156"
"8:35","104.32000274658","48.760000610351","836.60001220703","51.859999084472","48.220000457764","838.5","100.2","52.5","832.8","100.23999938965","51.559999847412","835.10001220703","84.8","48.740000152588","835.47999267578","99.579998779297","51.940000152588","836.61999511719","99.819999694824","56.5","837.74001464844","100.2","51.640000152588","836.63999023437","100.08000030518","52.980000305176","840.34000244141"
"8:40","104.4200012207","49.9","835.94000244141","52.009999847412","49.2","837.76000976562","100.46000061035","53.559999084473","832.13999023437","100.51999969482","52.620000457764","834.5","85.7","49.760000610351","834.97999267578","99.919999694824","53.200000762939","836.01999511719","100.2","57.700000762939","837.23999023438","100.46000061035","52.839999389648","836.14000244141","100.4200012207","54.380000305176","839.66000976562"
"8:45","104.78000030517","50.919999694824","837.7","52.190000915527","50.2","839.70001220703","100.78000030517","54.859999847412","833.95999755859","100.78000030517","53.779999542236","836.26000976562","86.480000305176","50.7","836.77999267578","100.15999908447","54.4","837.79998779297","100.38000183105","58.840000915527","838.95998535156","100.78000030517","53.979999542236","837.99998779297","100.5799987793","55.479999542236","841.5"
"8:50","104.7200012207","51.839999389648","839.43999023438","52.160000610352","51.1","841.46000976563","100.9200012207","56","835.74000244141","100.9200012207","54.959999847412","838","87.219999694824","51.740000152588","838.5","100.4","55.420000457764","839.54000244141","100.7","59.720000457764","840.81999511719","100.9200012207","54.700000762939","839.84000244141","100.90000152588","56.380000305176","843.26000976562"
"8:55","104.90000152588","52.779999542236","839.47999267578","52.25","52.020000457764","841.33999023438","101.01999969482","57.420000457764","835.75998535156","101.01999969482","56.519999694824","837.99998779297","87.819999694824","52.939999389648","838.54000244141","100.48000030517","56.620000457764","839.53999023437","100.6799987793","60.940000152588","840.85998535156","101.01999969482","55.640000152588","839.89997558594","101.03999938965","57.400000762939","843.27999267578"
"9:00","104.96000061035","53.579999542236","839.6","52.259999847412","52.8","841.45999755859","101.34000091553","57.900001525879","835.88001708984","101.30000152588","57","838.11999511719","88.6","53.680000305176","838.71999511719","100.76000061035","57.240000915527","839.65999755859","100.96000061035","61.6","840.95999755859","101.34000091553","56.680000305176","839.94001464844","101.3200012207","58.439999389648","843.4"
"9:05","105","54.040000915527","840.27999267578","52.440000152588","53.419999694824","842.30001220703","101.6","57.740000915527","836.56000976562","101.5","57","838.95999755859","89.259999084473","53.900001525879","839.57999267578","100.94000091553","57.400001525879","840.44001464844","101.09999847412","61.860000610351","841.80001220703","101.6","57.240000152588","840.95998535156","101.5","59.159999847412","844.24000244141"
"9:10","105","54.580000305176","841.15999755859","52.5","54.120000457764","843.18000488281","101.98000030517","57.280000305176","837.42001953125","101.84000091553","56.800000762939","839.78000488281","90.039999389648","53.920001220703","840.34000244141","101.0799987793","57.440000915527","841.2","101.26000213623","62.079999542236","842.54000244141","101.98000030517","57.559999847412","841.87999267578","101.5799987793","59.660000610352","844.85999755859"
"9:15","105","55.259999847412","841.2","52.5","54.840000152588","843.26000976562","101.71999816894","57.8","837.42001953125","101.59999847412","57.5","839.75999755859","90.319999694824","54.439999389648","840.42000732422","100.82000274658","58.240000152588","841.3","100.96000061035","62.740000152588","842.54000244141","101.71999816894","58.240000152588","841.94000244141","101.44000091553","60.279999542236","845.01999511719"
"9:20","105","56.1","841.59998779297","52.409999847412","55.8","843.64000244141","101.5200012207","58.720000457764","837.98000488281","101.41999969482","58.519999694824","840.26000976562","90.680000305176","55.319999694824","840.93999023438","100.7799987793","59.3","841.75999755859","100.91999969482","63.540000152588","843.02000732422","101.5200012207","59.179999542236","842.5","101.48000030517","61.1","845.47999267578"
"9:25","105","56.840000152588","843.07999267578","52.330000305176","56.6","844.98000488281","101.46000061035","59.400000762939","839.34000244141","101.44000091553","59.480000305176","841.57999267578","91.240000915527","56.159999847412","842.3","100.6799987793","60.279999542236","843.13999023437","100.7","64.460000610351","844.38001708984","101.46000061035","60.020000457764","843.8","101.26000061035","61.880000305176","846.76000976562"
"9:30","105","57.380001068115","842.77999267578","52.329999542236","57.219999694824","844.61999511719","101.5799987793","60.020000457764","839.04000244141","101.55999908447","60.440000152588","841.43999023438","91.880000305176","56.820000457764","841.96000976563","100.9200012207","60.920000457764","842.83999023438","100.90000152588","65.180000305176","844.22001953125","101.5799987793","60.680000305176","843.58000488281","101.4200012207","62.560000610352","846.48000488281"
"9:35","105","57.640000152588","843.48000488281","52.5","57.680000305176","845.48000488281","101.88000030518","60.200000762939","839.68000488281","101.84000091553","60.640000152588","841.94000244141","92.480000305176","57.140000152588","842.75999755859","101.01999969482","61.160000610352","843.54000244141","101.1","65.7","844.87999267578","101.88000030518","61.359999847412","844.38000488281","101.55999908447","63.3","847.21999511719"
"9:40","105","58","843.82000732422","52.460000610351","57.840000915527","845.74000244141","101.96000061035","60.080000305176","839.98000488281","101.88000030518","60.080000305176","842.27999267578","92.980000305176","57.020000457764","843.05998535156","101.15999908447","60.920000457764","843.72000732422","101.24000091553","65.759999084473","845.24000244141","101.96000061035","61.460000610351","844.68000488281","101.68000030517","63.080000305176","847.44000244141"
"9:45","105","57.720000457764","842.43999023438","52.409999847412","57.620000457764","844.34000244141","101.68000030517","59.860001373291","838.71999511719","101.55999908447","59.880001068115","840.95999755859","93.139999389648","57.000000762939","841.81999511719","100.88000030518","60.880000305176","842.42000732422","100.94000091553","65.659997558594","843.84000244141","101.68000030517","61.400001525879","843.45999755859","101.33999938965","62.900001525879","846.08000488281"
"9:50","104.98000030517","57.620000457764","844.1","52.35","57.5","846.05999755859","101.91999969482","59.880000305176","840.43999023438","101.7200012207","60.280000305176","842.60001220703","93.739999389648","57.479999542236","843.5","101.08000030518","61.440000152588","844.23999023438","101.13999938965","65.719998168945","845.54000244141","101.91999969482","61.6","845.15999755859","101.71999969482","62.980001068115","847.88000488281"
"9:55","104.90000152588","58.059999847412","845.4","52.309999847412","57.760000610351","847.40001220703","101.63999938965","60.5","841.68000488281","101.44000091553","61.1","843.95999755859","93.940000915527","58.080000305176","844.73999023438","100.91999969482","62.019999694824","845.48000488281","100.93999938965","65.900001525879","846.88000488281","101.63999938965","62.120000457764","846.58000488281","101.55999908447","63.280000305176","849.16000976562"
"10:00","104.90000152588","58.400001525879","846.76000976562","52.389999389648","57.980000305176","848.79998779297","101.59999847412","60.620000457764","843.08000488281","101.44000091553","61.340000152588","845.42000732422","94.280000305176","58.5","846.09998779297","100.8200012207","62.260000610351","846.85999755859","100.84000091553","66","848.17999267578","101.59999847412","62.360001373291","847.95999755859","101.48000030517","63.559999847412","850.55999755859"
"10:05","104.90000152588","58.400001525879","846.53999023437","52.480000305176","58.140000152588","848.45998535156","101.88000183105","60.140000915527","842.77999267578","101.65999908447","60.919999694824","845.05999755859","94.9","58.260000610351","845.87999267578","101","62.260000610351","846.6","101.05999908447","65.980000305176","847.92000732422","101.88000183105","62.480000305176","847.61999511719","101.59999847412","63.760000610351","850.33999023438"
"10:10","104.90000152588","58.520000457764","846.25999755859","52.5","58.539999389648","848.25998535156","101.84000091553","59.780001068115","842.53999023437","101.73999938965","60.280000305176","844.9","95.340002441406","57.900001525879","845.55998535156","101.01999969482","61.720000457764","846.5","101.09999847412","65.780000305176","847.75999755859","101.84000091553","62.440000915527","847.45999755859","101.76000213623","63.319999694824","850.07999267578"
"10:15","104.90000152588","59.019999694824","846.02000732422","52.420000457763","59.060000610352","848","101.61999969482","59.920001220703","842.36000976563","101.48000030517","60.200000762939","844.53999023437","95.559999084473","57.940000915527","845.48000488281","100.9200012207","61.5","846.17999267578","100.98000030517","65.559999084473","847.54001464844","101.61999969482","62.300000762939","847.31999511719","101.61999816895","62.920001220703","849.78000488281"
"10:20","104.94000091553","59.380000305176","846.82000732422","52.25","59.520000457764","848.68000488281","101.34000091553","60.319999694824","843.18000488281","101.28000030517","60.560000610352","845.34000244141","95.719998168945","58.6","846.17998046875","100.7","61.700000762939","846.88000488281","100.65999908447","66","848.21999511719","101.34000091553","62.640000915527","848.11999511719","101.19999847412","63.040000152588","850.53999023437"
"10:25","104.78000030517","59.660000610352","845.56000976562","52.090000152587","59.780001068115","847.51999511719","101.05999908447","61.020000457764","841.80001220703","100.98000030517","61.180000305176","844.1","95.739999389648","59.5","844.96000976563","100.44000091553","62.4","845.7","100.4200012207","66.660000610352","846.98000488281","101.05999908447","63.340000152588","846.92000732422","100.98000030517","63.680000305176","849.22000732422"
"10:30","104.76000061035","59.959999847412","846.01999511719","52.119998931885","59.920001220703","848.10001220703","100.9200012207","61.6","842.41999511719","100.9200012207","61.860001373291","844.64000244141","96.039999389648","60","845.41999511719","100.44000091553","62.959999847412","846.16000976562","100.5","66.940000915527","847.51999511719","100.9200012207","63.700000762939","847.41999511719","101.0799987793","64","849.85999755859"
"10:35","104.68000030517","60.260000610351","845.2","52.079998779297","60.080000305176","847.03999023437","100.71999969482","61.519999694824","841.45998535156","100.74000091553","61.760000610351","843.6","96.139997863769","60.059999847412","844.45999755859","100.13999786377","62.820000457764","845.14000244141","100.13999938965","66.920001220703","846.40001220703","100.71999969482","63.740000915527","846.44000244141","100.84000244141","64.059999084473","848.82000732422"
"10:40","104.21999969482","60.580000305176","841.7","51.909999847412","60.200000762939","843.81999511719","100.3799987793","61.979999542236","838.16000976562","100.35999908447","62.220000457764","840.4","95.980000305176","60.700000762939","841.31999511719","99.680000305176","63.419999694824","841.94000244141","99.719999694824","67.4","843.4","100.3799987793","64.219999694824","843.24000244141","100.54000091553","64.480000305176","845.52000732422"
"10:45","104.58000183105","60.620000457764","842.54000244141","52.080001068115","60.200000762939","844.52000732422","100.66000061035","62.840000152588","838.65998535156","100.64000091553","63","840.97999267578","96.559999084473","61.500000762939","842","100.03999938965","64.019998931885","842.58000488281","100.11999816895","67.679997253418","843.91999511719","100.66000061035","64.480000305176","844.03999023437","100.93999938965","64.679997253418","846.24000244141"
"10:50","104.91999969482","60.660000610352","843.77999267578","52.309999847412","60.300000762939","845.76000976562","101.48000030517","62.780001068115","840.01998291016","101.4200012207","62.9","842.28000488281","97.5","61.479999542236","843.18000488281","100.6799987793","63.89999923706","843.85999755859","100.73999938965","67.559999084473","845.25999755859","101.48000030517","64.539999389648","845.31999511719","101.51999969482","64.760000610351","847.45999755859"
"10:55","105","60.439999389648","843.98000488281","52.390000152587","60.340000152588","846.12000732422","101.65999755859","61.779999542236","840.34000244141","101.5","61.880001068115","842.66000976562","97.819999694824","60.6","843.48000488281","100.71999816894","62.900000762939","844.23999023438","100.80000152588","66.819999694824","845.48000488281","101.65999755859","63.959999847412","845.65999755859","101.40000152588","63.840000152588","847.78000488281"
"11:00","105","59.679999542236","847.92000732422","52.440000915527","59.920001220703","850.06000976562","103.01999969482","61.119999694824","844.42000732422","102.9200012207","61.5","846.65999755859","100.21999969482","60.240000152588","847.51999511719","102.34000091553","62.959999847412","848.22000732422","102.41999969482","66.559999084473","849.54000244141","103.01999969482","63.619999694824","849.6","102.88000030518","63.519999694824","851.85998535156"
"11:05","105","59.660000610352","850.92000732422","52.420000457763","60.140000152588","852.96000976563","104.7200012207","61.620000457764","847.31998291016","104.54000091553","62.079999542236","849.64000244141","101.36000061035","60.840000152588","850.50001220703","103.56000061035","63.79999923706","851.05999755859","103.2","67.1","852.48000488281","104.7200012207","64.359999084473","852.54000244141","101.48000183105","64.119998931885","854.58000488281"
"11:10","84.379999542236","59.660000610352","848.67999267578","42.839999771118","60.060000610352","850.38001708984","86.779999542236","62.3","845.70001220703","87.419999694824","62.700000762939","847.85999755859","85.319999694824","61.240000915527","848.49998779297","88.460000610351","64.259999084473","849.11999511719","89.099999237061","67.319999694824","850.46002197266","86.779999542236","64.699996948242","850.53999023437","89.940000915527","64.559999084473","852.37999267578"
"11:15","104.21999969482","59.119999694824","850.96000976563","52.5","59.400000762939","853.15999755859","104.6","61.960000610351","847.44000244141","104.91999969482","62.080001068115","849.76000976562","103.98000030517","60.7","850.70001220703","105","63.719999694824","851.38000488281","104.96000061035","66.619999694824","852.8","104.6","64.440000915527","852.94000244141","105","64.1","855.03999023437"
"11:20","105","58.480000305176","850.59998779297","52.5","59.020000457764","852.71999511719","105","61.580000305176","846.96000976563","105","61.820001220703","849.2","104.84000091553","60.280000305176","850.36000976563","104.93999938965","63.480000305176","850.91999511719","105","66.080000305176","852.3","105","64.480000305176","852.7","104.98000030517","63.900000762939","854.65999755859"
"11:25","82.479999542236","58.320000457764","845.01999511719","38.279999923706","58.820000457764","846.4","80.679999542236","61.640000152588","842.29998779297","77.740000152588","61.740000152588","844.1","75.179998779297","60.3","844.75998535156","76.040000915527","63.580000305176","845.1","74.9","65.819999694824","846.36000976563","80.679999542236","64.280000305176","845.71999511719","66.680000305176","64","847.01998291016"
"11:30","98.219999694824","58.080000305176","848.51999511719","48.15","58.240000152588","850.41999511719","102.56000061035","60.519999694824","845.16000976562","102.28000030517","60.620001220703","847.4","101.38000030518","59.080000305176","848.41999511719","102.21999969482","62.340000152588","848.97999267578","101.15999908447","64.340000152588","850.43999023438","102.56000061035","63.340000152588","850.53999023437","97.080000305176","62.440000152588","852.34000244141"
"11:35","105","58","848.91999511719","52.5","58","850.96000976563","104.98000030517","59.179999542236","845.33999023438","104.98000030517","59.179999542236","847.54001464844","104.38000030518","57.940000915527","848.65999755859","104.9","60.860000610351","849.3","104.93999938965","63.320000457764","850.57999267578","104.98000030517","62.480001068115","850.95999755859","104.98000030517","60.739999389648","853.05999755859"
"11:40","92.240000152588","57.7","845.81999511719","45.360000228882","57.960000610351","847.58000488281","90.460000610351","59.259999847412","842.6","89.620000457764","59.479999542236","844.7","86.100001525879","58.320000457764","845.34001464844","86.960000610351","61.179999542236","845.75999755859","85.560000610351","63.580000305176","846.94000244141","90.460000610351","62.420001220703","846.82000732422","82.59999961853","60.740000152588","848.6"
"11:45","79.720000457764","58.260000610351","843.75999755859","39.90000038147","58.340000915527","845.4","77.219999694824","60.420001220703","841.04000244141","78.880000305176","60.639999389648","843.06000976562","77.840000915527","59.220000457764","843.71999511719","77.640001678467","62.280000305176","844.02000732422","77.119999694824","64.419999694824","845.28000488281","77.219999694824","62.320000457764","845.04000244141","80.960000610351","61.3","847.2"
"11:50","83.9","58.059999847412","846.46000976563","43.069999694824","58.180000305176","848.17999267578","85.900000762939","60.259999847412","843.51998291016","86.860000610352","60.459999847412","845.65999755859","88.079999542236","59.080000305176","846.57999267578","86.240000152588","62.2","846.72000732422","87.820000457764","64.319998168945","848.2","85.900000762939","62.200000762939","848.31999511719","91.880000305176","60.920000457764","850.41999511719"
"11:55","39.679999542236","58.380000305176","838.32000732422","19.020000457764","58.440000152588","839","41.880000686646","60.540000152588","836.95999755859","41.220000076294","60.840000152588","838.25999755859","39.69999961853","59.439999389648","838.53999023437","42.99999961853","62.440000915527","838.57999267578","42.639999008179","64.840000915527","839.53999023437","41.880000686646","62.139999389648","838.78000488281","40.140000152588","61.280000305176","839.94001464844"
"12:00","66.219999694824","57.8","842.81999511719","33.630000305176","57.759999847412","844.11999511719","64.140000152588","59.459999847412","840.49998779297","63.8","59.519999694824","842.2","63.220000839233","58.180000305176","842.82000732422","65.619999694824","60.780000305176","843.03999023437","65.759999084473","63.379999542236","844.32000732422","64.140000152588","60.819999694824","844.03999023437","66.4","59.919999694824","845.68000488281"
"12:05","100.81999969482","56.159999084473","850.67998046875","50.769999694824","56.080000305176","852.65998535156","96.719999694824","57.179999542236","847.05999755859","98.5","57.159999847412","849.36000976563","98.9","56.440000152588","850.34001464844","99.060000610351","58.819999694824","850.96000976563","98.860000610352","61.639999389648","852.20001220703","96.719999694824","60.019999694824","852.4","103.56000061035","58.3","854.93999023438"
"12:10","96.180000305176","55.660000610352","840.1","47.890000152588","55.700000762939","841.81999511719","79.060000610351","56.980000305176","836.31999511719","80.000000762939","57","838.28000488281","78.880000305176","56.540000915527","839.04000244141","77.140000915527","58.680000305176","839.27999267578","76.359999084473","61.680001068115","840.35999755859","79.060000610351","60.4","840.07999267578","76.879999542236","58.680000305176","842.08000488281"
"12:15","100.68000030517","55.620000457764","847.94000244141","48.390000152588","55.600000762939","849.65999755859","82.380000305176","45.779999542236","675.75999755859","82.239999389648","45.840000152588","677.62000732422","80.540000915527","45.620000457764","678.45999755859","82.339999389648","46.859999847412","678.87999267578","82.599998474121","49.159999847412","679.98000488281","82.380000305176","48.319999694824","680.12000732422","83.580000305176","46.980000305176","681.95999755859"
"12:20","81.439999771118","54.980000305176","838.28000488281","40.390000152588","55.020000457764","839.94000244141","81.320001220703","56.080000305176","835.45999755859","80.960000610351","56.320000457764","837.6","79.879999542236","56.099999237061","838.22000732422","83.019999694824","57.4","838.77999267578","83.380000305176","60.840000152588","839.97999267578","81.320001220703","59.6","839.85998535156","79.760000610351","57.820000457764","841.41999511719"
"12:25","104.11999969482","55.020000457764","841.94000244141","51.940000152588","55.059999847412","843.91999511719","102.51999969482","55.420000457764","838.2","102.34000091553","55.719999694824","840.51998291016","99.440000915527","55.420000457764","841.42000732422","101.66000061035","56.620000457764","842.09998779297","101.70000152588","60.260000610351","843.5","102.51999969482","59.080000305176","843.50001220703","102.41999969482","57.460000610351","845.94000244141"
"12:30","104.74000091553","55.040000152588","843.14000244141","52.159999847412","55.059999847412","845.28000488281","101.2","55.980000305176","839.60001220703","100.98000030517","56.339999389648","842","98.1","55.920000457764","842.73999023438","100.38000030518","57.220000457764","843.22000732422","100.23999786377","60.819999694824","844.55999755859","101.2","59.6","844.75999755859","100.88000030518","58.099999237061","847.06000976562"
"12:35","104.90000152588","55.640000152588","843.48000488281","52.450000762939","55.720000457764","845.52000732422","103.0799987793","56.680000305176","839.78000488281","102.93999938965","57.160000610352","842.05999755859","99.800001525879","56.780000305176","843.02000732422","102.4","58.100000762939","843.70001220703","102.34000091553","61.720000457764","844.93999023438","103.0799987793","60.260000610351","845.14000244141","102.78000030517","58.860000610351","847.45999755859"
"12:40","104.90000152588","55.900001525879","842.47999267578","52.450000762939","55.980000305176","844.55999755859","103.08000030518","56.559999847412","838.71999511719","102.81999969482","56.9","841.15999755859","99.460000610351","56.900001525879","842.09998779297","102.19999847412","58.200000762939","842.65999755859","102.11999969482","61.840000915527","844","103.08000030518","60.400001525879","844.19998779297","102.5799987793","59","846.57999267578"
"12:45","104.88000183105","55.980001068115","841.52000732422","52.240000152587","56.179999542236","843.54000244141","101.4200012207","56.559999847412","837.93999023438","101.06000061035","56.820000457764","840.28000488281","97.519999694824","57.020000457764","841.04001464844","100.3","58.320000457764","841.65999755859","100.31999969482","61.820000457764","843","101.4200012207","60.480001068115","843.12000732422","100.91999969482","59.2","845.45999755859"
"12:50","105","56.6","841.26000976562","52.360000610351","56.859999847412","843.28000488281","101.6","56.880001068115","837.48000488281","101.4","57.340000915527","839.98000488281","97.680000305176","57.480000305176","840.78000488281","100.75999908447","58.700000762939","841.39998779297","100.7799987793","62","842.81999511719","101.6","60.9","842.89998779297","101.3799987793","59.440000915527","845.15999755859"
"12:55","104.85999908447","57.040000152588","841.63999023437","52.119999694824","57.340000152588","843.54000244141","100.96000061035","56.940000915527","837.95999755859","100.71999969482","57.420001220703","840.20001220703","96.819998168945","57.800000762939","841.18000488281","100.08000030518","58.860000610351","841.63999023437","100.11999969482","62.300000762939","843.04000244141","100.96000061035","61","843.14000244141","100.73999938965","59.5","845.34000244141"
"13:00","104.7200012207","57.759999847412","841.68000488281","52.069999694824","58.080000305176","843.65999755859","101.00000152588","57.479999542236","837.91999511719","100.75999908447","57.880000305176","840.30001220703","96.680000305176","58.140000152588","841.08000488281","100.23999938965","59.340000915527","841.71999511719","100.25999908447","62.740000915527","843.08000488281","101.00000152588","61.160000610352","843.18000488281","100.83999938965","59.779999542236","845.54000244141"
"13:05","104.9","58.620000457764","840.2","52.229999542236","58.840000152588","842.24000244141","101.63999938965","57.900001525879","836.37999267578","101.33999938965","58.200000762939","838.84000244141","96.860000610352","58.340000152588","839.71999511719","100.78000030517","59.5","840.31999511719","100.73999938965","63","841.73999023438","101.63999938965","61.5","841.77999267578","101.2200012207","60.200000762939","844.17999267578"
"13:10","104.65999908447","59.559999847412","841.76000976562","52.069999694824","59.560000610352","843.84000244141","101.38000030518","58.040000152588","838.15999755859","101.11999969482","58.320001220703","840.34000244141","96.299998474121","58.360000610351","841.25999755859","100.4799987793","59.6","841.80001220703","100.4799987793","63.300000762939","843.4","101.38000030518","61.759999847412","843.25998535156","101","60.340000915527","845.65999755859"
"13:15","104.96000061035","60","839.94001464844","52.319999694824","59.920001220703","841.83999023438","101.38000030518","58.539999389648","836.11999511719","101.06000061035","58.559999847412","838.55999755859","96.040000915527","58.8","839.3","100.56000061035","60","839.91999511719","100.58000030518","63.5","841.31999511719","101.38000030518","62.120000457764","841.34000244141","101.11999816895","60.819999694824","843.77999267578"
"13:20","105","60.519999694824","839.11999511719","52.440000152588","60.3","841.2","101.74000091553","59.080000305176","835.38000488281","101.36000061035","59.120000457764","837.80001220703","96.019999694824","59.319999694824","838.57999267578","100.9","60.320000457764","839.34000244141","100.88000030518","63.760000610351","840.62000732422","101.74000091553","62.440000915527","840.71999511719","101.4799987793","61.2","842.92000732422"
"13:25","105","60.760000610351","839.16000976562","52.5","60.680000305176","841.15999755859","102.35999908447","59.200000762939","835.16000976562","101.99999847412","59.320001220703","837.74001464844","96.2","59.700000762939","838.48000488281","101.4799987793","60.5","839.18000488281","101.4","63.900001525879","840.6","102.35999908447","62.400000762939","840.52000732422","102.09999847412","61.420000457764","842.9"
"13:30","105","61.140000152588","839.45999755859","52.5","61.020000457764","841.51999511719","102.48000030517","59.200000762939","835.57999267578","102.04000091553","59.280000305176","838.02000732422","95.860000610352","59.700000762939","838.78000488281","101.5","60.5","839.59998779297","101.4","63.980000305176","840.95999755859","102.48000030517","62.200000762939","840.88000488281","102.01999969482","61.300000762939","843.24000244141"
"13:35","105","61.640000152588","842","52.5","61.520000457764","843.97999267578","104.06000061035","59.200000762939","838.22000732422","103.61999969482","59.1","840.51999511719","96.920001220703","59.4","841.42000732422","103.01999969482","60.440000915527","842.13999023437","102.93999938965","63.980000305176","843.51999511719","104.06000061035","62.059999847412","843.36000976563","103.73999938965","61.240000915527","845.91999511719"
"13:40","104.78000030517","61.700000762939","843.48000488281","52.319999694824","61.720000457764","845.46000976563","103.58000030518","58.980000305176","839.67999267578","103.2799987793","58.840000152588","842.00001220703","96.3","58.9","842.85999755859","102.73999938965","60.220000457764","843.54000244141","102.61999969482","63.860001373291","844.95999755859","103.58000030518","61.740000915527","844.82000732422","103.35999755859","61.040000152588","847.4"
"13:45","103.36000061035","61.259999847412","840.34000244141","51.479999542236","61.500000762939","842.3","102.41999969482","58.700000762939","836.59998779297","102.21999969482","58.659999847412","838.86000976563","96.339999389648","58.5","839.75998535156","102.11999969482","60.059999847412","840.54000244141","102.08000030518","63.720000457764","841.95999755859","102.41999969482","61.700000762939","841.8","102.33999938965","61.059999847412","844.26000976562"
"13:50","102.16000061035","60.920001220703","839.75998535156","50.830000305176","61.019999694824","841.71999511719","100.51999969482","58.880000305176","836.14000244141","100.38000030518","59.1","838.43999023438","94.660000610352","58.740000915527","839.27999267578","100.06000061035","60.420000457764","839.90001220703","99.919999694824","64","841.36000976563","100.51999969482","61.700000762939","841.22000732422","100.31999969482","61.400000762939","843.68000488281"
"13:55","102.68000030517","61.040000915527","839.31998291016","51.180000305175","61.2","841.37999267578","101.08000030518","58.519999694824","835.75999755859","100.89999847412","58.540000152588","837.92000732422","93.459999084473","58.240000915527","838.68001708984","100.25999908447","60.040000152588","839.5","100.3200012207","63.780001068115","840.80001220703","101.08000030518","61.700000762939","840.68000488281","100.8799987793","61.200000762939","843.23999023438"
"14:00","88.719999694824","61.359999847412","836.42000732422","44.059999084473","61.659999847412","838.20001220703","86.559999084473","58.659999847412","833.2","86.199998474121","58.640000915527","835.4","79.580000305176","58.359999847412","835.97999267578","85.740000915527","60.2","836.52000732422","85.239999389648","64.180000305176","837.9","86.559999084473","61.700000762939","837.47999267578","85.9","61.380000305176","839.82000732422"
"14:05","104.21999969482","60.800000762939","838.91999511719","52.05","61.420000457764","841.05999755859","102.86000061035","58.079999542236","835.18000488281","102.5200012207","58.200000762939","837.63999023437","94.339999389648","57.740000915527","838.35999755859","102.18000030517","59.6","839.08000488281","102.1200012207","63.6","840.55999755859","102.86000061035","61.5","840.31999511719","102.6","60.880000305176","842.95999755859"
"14:10","105","60.520000457764","838.4","52.5","61.200000762939","840.5","102.99999847412","58","834.61999511719","102.4799987793","58.440000915527","836.94000244141","93.359999084473","57.820001220703","837.62000732422","101.93999938965","59.780001068115","838.46000976563","101.85999908447","63.559999847412","839.9","102.99999847412","61.6","839.75999755859","102.51999969482","61.160000610352","842.27998046875"
"14:15","105","60.120000457764","839.11999511719","52.5","61.1","841.15998535156","103.1200012207","57.940000915527","835.34001464844","102.56000061035","58.440000915527","837.6","92.8","57.800000762939","838.38000488281","102","59.840000915527","839.14000244141","101.89999847412","63.540000152588","840.67999267578","103.1200012207","61.580000305176","840.34001464844","102.56000061035","61.280001068115","842.99998779297"
"14:20","105","60.180000305176","841.75999755859","52.5","61.200000762939","843.8","102.88000183105","58.180000305176","837.97999267578","102.26000061035","58.600000762939","840.31999511719","91.960000610351","57.860000610351","840.88000488281","101.8","59.980000305176","841.89998779297","101.69999847412","63.820001220703","843.23999023438","102.88000183105","61.660000610352","842.88000488281","102.13999786377","61.420000457764","845.54000244141"
"14:25","105","60.000000762939","841.71999511719","52.5","61.040000152588","843.82000732422","103.31999969482","58.5","838.01999511719","102.66000061035","58.880000305176","840.33999023438","91.720001220703","58.059999847412","840.83999023438","102.08000030518","60.280000305176","841.77999267578","102.01999816894","63.900001525879","843.28000488281","103.31999969482","61.959999847412","842.82000732422","102.54000091553","61.559999847412","845.54000244141"
"14:30","105","59.900001525879","843.79998779297","52.5","61","845.78000488281","102.89999847412","58.7","839.98000488281","102.15999908447","59.160000610352","842.33999023438","90.759999084473","58.200000762939","842.88001708984","101.6799987793","60.6","843.87999267578","101.63999938965","63.780001068115","845.3","102.89999847412","61.920000457764","844.75999755859","102.1","61.680000305176","847.58000488281"
"14:35","105","59.880001068115","845.84000244141","52.5","60.960000610351","847.83999023438","103.3799987793","58.559999847412","842.1","102.66000061035","58.780000305176","844.44000244141","90.660000610352","57.840000915527","845.08000488281","102.2200012207","60.280000305176","845.84000244141","102.16000061035","63.380000305176","847.25999755859","103.3799987793","61.620000457764","846.91999511719","102.7","61.460000610351","849.64000244141"
"14:40","105","59.680000305176","842.92000732422","52.5","60.860001373291","844.87998046875","103.7200012207","58.680000305176","839.08000488281","102.9","58.700000762939","841.44000244141","90.240000915527","57.640000152588","841.99998779297","102.41999969482","60.200000762939","842.95999755859","102.28000030517","63.200000762939","844.4","103.7200012207","61.5","843.85999755859","102.7","61.400001525879","846.79998779297"
"14:45","105","59.5","842.65999755859","52.5","60.540000152588","844.64000244141","103.75999908447","58.519999694824","838.82000732422","102.83999786377","58.580000305176","841.15999755859","89.579998779297","57.220000457764","841.72000732422","102.48000030517","60.019999694824","842.74000244141","102.2799987793","63.019999694824","844.05998535156","103.75999908447","61.300000762939","843.48000488281","102.76000061035","61.280001068115","846.51999511719"
"14:50","105","59.360000610351","842.58000488281","52.5","60.580000305176","844.6","104.13999938965","58.320000457764","838.75999755859","103.17999725342","58.340000152588","841.05998535156","89.259999084473","56.880000305176","841.63999023437","102.66000061035","59.920000457764","842.72000732422","102.51999969482","62.940000915527","844.16000976562","104.13999938965","61.100000762939","843.44000244141","103.09999847412","61.080000305176","846.48000488281"
"14:55","105","59.660000610352","847.17999267578","52.5","60.800000762939","849.22000732422","104.33999938965","57.700000762939","843.52000732422","103.41999969482","57.780000305176","845.70001220703","88.920001220703","56.300000762939","846.17999267578","103.08000030518","59.519999694824","847.32000732422","102.83999938965","62.700000762939","848.66000976562","104.33999938965","60.559999847412","848.05999755859","103.35999908447","60.640000152588","851.21999511719"
"15:00","105","59.700000762939","847.52000732422","52.5","60.900001525879","849.62000732422","104.15999908447","57.680000305176","843.94000244141","103.06000061035","57.760000610351","846.16000976562","87.979998779297","56.1","846.6","102.78000030517","59.640000152588","847.71998291016","102.50000152588","62.780001068115","849.15999755859","104.15999908447","60.5","848.46000976563","102.94000091553","60.6","851.50001220703"
"15:05","105","59.900001525879","846.86000976563","52.5","60.940000915527","848.94000244141","103.7","58.020000457764","843.08000488281","102.53999938965","58.079999542236","845.44000244141","86.919999694824","56.200000762939","845.8","102.28000030517","60.000000762939","846.95999755859","102","63.020000457764","848.38000488281","103.7","60.719999694824","847.65999755859","102.45999908447","60.959999847412","850.79998779297"
"15:10","105","59.900001525879","838.87999267578","52.5","60.920001220703","840.97999267578","104.05999755859","58.200000762939","835.11999511719","102.9","58.360001373291","837.5","86.379998779297","56.200000762939","837.93999023438","102.55999755859","60.200000762939","839.05999755859","102.2200012207","63.180000305176","840.43999023438","104.05999755859","61","839.64000244141","102.71999969482","61.200000762939","842.85999755859"
"15:15","92.980000305176","60.020000457764","836.74000244141","46.479999923706","61.080001068115","838.55999755859","92.2","58.420000457764","833.2","91.319999694824","58.320000457764","835.42000732422","76.139998626709","56.059999847412","835.81999511719","91.180000305176","60.240000915527","836.73999023438","90.799999237061","63.280000305176","838.15999755859","92.2","61.1","837.30001220703","91.959999084473","61.260000610351","840.32000732422"
"15:20","47.740000152588","60.820000457764","829.88000488281","23.410000419617","61.840000152588","830.65999755859","46.080000305176","59.320000457764","828.13999023437","44.939999008179","58.920000457764","829.44000244141","37.600000762939","56.640000152588","829.65999755859","45.099999237061","60.820000457764","829.84000244141","44.79999923706","64.080000305176","830.9","46.080000305176","60.940000152588","829.7","45.19999961853","61.660000610352","831.6"
"15:25","98.080001831055","59.760000610351","844.53999023437","48.830000305176","60.880000305176","846.43999023438","96.840000915527","58.300000762939","841.01999511719","96.219999694824","58.199999237061","843.21999511719","79.89999923706","55.9","843.58000488281","96","60.319999694824","844.64001464844","95.7","63.139999389648","845.96000976563","96.840000915527","60.060000610352","845.04000244141","95.4","60.840000152588","848.2"
"15:30","104.84000091553","58.100000762939","845.84000244141","52.380000305175","59.259999847412","847.84000244141","103.8","57.019999694824","842.07999267578","102.55999908447","57.040000152588","844.4","84.240000915527","54.960000610351","844.71999511719","102.48000030517","59.300000762939","845.9","101.75999908447","61.820000457764","847.3","103.8","59.540000152588","846.30001220703","102.58000030518","59.740000915527","849.74000244141"
"15:35","105","57.820001220703","845.1","52.259999847412","58.740000915527","847.16000976562","102.5200012207","57","841.47999267578","100.8799987793","56.920001220703","843.8","82.059999084473","54.659999847412","844.04001464844","100.96000061035","58.940000915527","845.2","100.11999969482","61.519999694824","846.62000732422","102.5200012207","59.440000915527","845.55999755859","100.85999908447","59.760000610351","848.97999267578"
"15:40","103.55999908447","57.900001525879","845.98000488281","51.129999542236","58.720000457764","847.82000732422","100.68000030517","57.059999847412","842.15999755859","98.879998779297","56.920001220703","844.46000976563","79.600001525879","54.5","844.67999267578","99.079998779297","58.920001220703","845.96000976563","98.160000610352","61.559999847412","847.24000244141","100.68000030517","59.340000915527","846.21999511719","98.820001220703","59.960000610351","849.64000244141"
"15:45","102.06000061035","58.160000610352","845.21999511719","50.259999847412","59.140000152588","847.18000488281","99.4","57.480000305176","841.62000732422","97.439999389648","57.200000762939","843.9","77.619999694824","54.680000305176","844.11999511719","97.519999694824","59.180000305176","845.3","96.520001220703","61.880001068115","846.55999755859","99.4","59.400001525879","845.5","96.980000305176","60.200000762939","848.88000488281"
"15:50","101.68000030517","58.540000152588","843.65999755859","49.990000152588","59.400000762939","845.64000244141","98.380001831055","57.7","840.15999755859","96.619999694824","57.5","842.27999267578","76.219999694824","54.700000762939","842.49998779297","96.739999389648","59.500000762939","843.65999755859","95.6","62.020000457764","844.90001220703","98.380001831055","59.440000915527","843.90001220703","96.640000915527","60.540000152588","847.35999755859"
"15:55","92.360000610352","58.880001068115","839.58000488281","45.690000152588","59.5","841.38000488281","89.919999694824","57.780001068115","836.28000488281","87.940000915527","57.519999694824","838.44000244141","68.660000610352","54.700000762939","838.51999511719","88.219999694824","59.700000762939","839.69998779297","86.759999084473","62.459999847412","840.81999511719","89.919999694824","59.440000915527","839.75999755859","88.040000915527","60.860001373291","842.88000488281"
"16:00","77.819999694824","59.160000610352","835.07999267578","38.3","59.9","836.50001220703","75.820000457764","57.760000610351","832.2","74.519999694824","57.639999389648","834.21999511719","58.080001068115","54.700000762939","834.30001220703","74.879998016357","59.8","835.05999755859","73.780000305176","62.700000762939","836.30001220703","75.820000457764","59.400001525879","835.01999511719","75.000001525879","61.120000457764","838.02000732422"
"16:05","17.180000305176","59.479999542236","824.45999755859","8.2699998855591","60.340000152588","824.81999511719","16.979999923706","58.340000915527","823.84000244141","15.980000305176","58.580000305176","824.8","12.879999923706","54.7","824.83999023438","16.319999885559","60.6","824.42000732422","15.639999771118","63.480000305176","825.34000244141","16.979999923706","59.040000152588","823.96000976563","15.940000152588","61.580000305176","825.27999267578"
"16:10","17.000000190735","58.280000305176","826.68001708984","8.15","58.880000305176","826.91999511719","16.819999885559","57.3","826.04000244141","15.779999732971","57.660000610352","826.94000244141","13.020000076294","54.720000457764","827.1","16.200000190735","59.759999847412","826.81999511719","15.760000038147","63.459999847412","827.5","16.819999885559","57.720000457764","826.14000244141","16.060000228882","60.359999847412","827.78000488281"
"16:15","43.480001068115","56.2","833.88000488281","20.819999694824","56.780000305176","834.57999267578","41.779999542236","56.199999237061","832.41999511719","39.239999771118","56.140000152588","833.74000244141","28.860000228882","54.760000610351","833.8","39.759999465942","57.980000305176","833.85998535156","38.160000228882","62.380000305176","834.76000976562","41.779999542236","56.020000457764","833.50002441406","40.939999580383","58.359999847412","835.73999023438"
"16:20","28.379999542236","54.539999389648","828.60001220703","13.35","55.1","829.03999023437","28.019999694824","54.020000457764","827.49998779297","25.179999542236","54.479999542236","828.64001464844","21.779999923706","53.979999542236","828.81998291016","26.639999771118","56.380000305176","828.72000732422","25.359999847412","60.459999847412","829.39998779297","28.019999694824","54.6","828.01999511719","26.480000305176","56.540000915527","829.9"
"16:25","21.879999923706","53.220000457764","826.37999267578","10.610000038147","53.660000610352","826.64000244141","21.439999771118","52.3","825.48001708984","20.29999961853","52.9","826.54000244141","18.240000152588","52.900000762939","826.82000732422","20.760000228882","54.979999542236","826.31999511719","20.219999694824","59.040000152588","826.96000976563","21.439999771118","53.539999389648","825.82000732422","20.779999923706","54.979999542236","827.4"
"16:30","21.079999923706","52.439999389648","821.80001220703","10.160000038147","52.759999847412","822.15998535156","20.519999694824","51.040000152588","820.97999267578","19.240000152588","51.5","821.91999511719","17.50000038147","51.619999694824","822.31999511719","19.859999465942","53.459999847412","821.85999755859","19.179999923706","58.120000457764","822.58000488281","20.519999694824","52.319999694824","821.21999511719","19.59999961853","53.7","822.96000976563"
"16:35","49.920000457764","53.780000305176","830.41999511719","23.340000152588","53.939999389648","831.21999511719","50.420000457764","51.959999847412","828.74000244141","41.479999542236","52.180000305176","830.03999023437","36.39999961853","50.580000305176","830.25999755859","48.5","53.620000457764","830.65999755859","43.479999160767","59.320000457764","831.09998779297","50.420000457764","51.060000610352","830.14000244141","45.840000152588","54.040000152588","832.50001220703"
"16:40","48.7","54.180000305176","831.95999755859","22.559999847412","54.120000457764","832.78000488281","49.240000152588","52.480000305176","830.35999755859","40.980000305176","52.5","831.66000976562","35.340000152588","50.200000762939","831.76000976562","48","53.700000762939","832.22000732422","41.740000915527","58.980000305176","832.65999755859","49.240000152588","50.559999847412","831.54000244141","44.679999542236","54.200000762939","834.14000244141"
"16:45","34.979999923706","53.940000915527","828.75999755859","16.319999885559","53.760000610351","829.38000488281","34.619999694824","52.340000152588","827.73999023438","30.379999542236","52.440000915527","828.86000976563","26.259999847412","50.140000152588","828.88000488281","34.319999313354","53.540000152588","829.11999511719","31.379999542236","58.540000152588","829.5","34.619999694824","50.5","828.2","32.279999542236","54.020000457764","830.45999755859"
"16:50","28.059999847412","53.580000305176","826.78001708984","13.310000038147","53.240000152588","827.38000488281","27.559999847412","51.8","825.99998779297","24.780000305176","51.880000305176","827.1","21.759999847412","49.880000305176","827.1","27.839999771118","52.880000305176","827.1","25.920000457764","58.120000457764","827.7","27.559999847412","50.3","826.16000976562","26.439999771118","53.520000457764","828.34000244141"
"16:55","13.279999923706","53.020000457764","823.82000732422","6.469999885559","52.680000305176","823.99998779297","13.159999847412","50.919999694824","823.47999267578","12.480000114441","51.020000457764","824.36000976563","11.3","49.200000762939","824.27999267578","13.039999771118","51.940000152588","823.93999023438","12.560000038147","57.360000610351","824.68000488281","13.159999847412","49.479999542236","822.98000488281","12.820000267029","52.5","824.79998779297"
"17:00","11.339999961853","52.380000305176","822.55999755859","5.3800000190735","51.980000305176","822.74000244141","10.759999847412","49.980000305176","822.27999267578","9.9599999427795","50.1","823.04000244141","8.8000001907349","48.459999847412","823.18001708984","10.899999904632","51.040000915527","822.72000732422","10.220000171661","56.479999542236","823.3","10.759999847412","48.659999847412","821.6","10.659999942779","51.420000457764","823.48000488281"
"17:05","13.960000228882","51.619999694824","823.18000488281","6.429999923706","51.279999542236","823.41999511719","13.820000076294","49.240000152588","822.76000976562","11.719999885559","49.359999847412","823.64000244141","9.9400000572205","47.840000915527","823.56000976562","13.720000076294","50.319999694824","823.40001220703","12.620000076294","55.659999847412","823.9","13.820000076294","47.819999694824","822.14001464844","12.739999961853","50.660000610352","824.15999755859"
"17:10","14.720000076294","51.020000457764","823.1","6.8600000381469","50.660000610352","823.40001220703","14.219999885559","48.780000305176","822.75998535156","12.260000228882","48.860000610351","823.62000732422","10.280000114441","47.479999542236","823.47999267578","14.120000076294","49.840000915527","823.46000976563","13.260000228882","55.059999847412","823.85998535156","14.219999885559","47.219999694824","822.19998779297","13.460000038147","50.1","824.17999267578"
"17:15","8.3999999046326","50.440000152588","823.86000976563","4.0299999713898","50.040000915527","824.02000732422","7.7800001144409","48.180000305176","823.64000244141","7.4599999427795","48.459999847412","824.40001220703","6.4999998092651","47.140000152588","824.31999511719","7.8800000190735","49.419999694824","823.98000488281","7.760000038147","54.540000152588","824.54000244141","7.7800001144409","46.780000305176","822.78000488281","8.0599998474121","49.740000915527","824.71999511719"
"17:20","6.5599999427795","49.840000152588","823.51999511719","3.1700000286102","49.380000305176","823.64000244141","5.8399998664856","47.520000457764","823.39998779297","5.6800000190735","47.980000305176","824.28000488281","5.0199999332428","46.760000610351","824.10001220703","6.260000038147","48.920000457764","823.57999267578","6.160000038147","54.059999847412","824.17999267578","5.8399998664856","46.060000610352","822.32000732422","6.3400000572204","49.120000457764","824.28000488281"
"17:25","2.760000038147","49.180000305176","821.06000976562","1.3900000095367","48.759999847412","821.11999511719","2.639999961853","46.859999847412","821","2.6","47.240000152588","821.8","2.4199999809265","46.180000305176","821.70001220703","2.6800000190735","48.200000762939","821.21999511719","2.5599999904632","53.420000457764","821.77999267578","2.639999961853","45.360000610351","819.90001220703","2.6599999904633","48.5","821.8"
"17:30","1.8799999952316","48.6","822.84000244141","0.93999999761581","48.120000457764","822.74000244141","1.7599999666214","46.240000152588","822.78000488281","1.7599999666214","46.520000457764","823.64000244141","1.7200000047684","45.540000915527","823.54000244141","1.8200000047684","47.5","822.9","1.7399999856949","52.720000457764","823.36000976563","1.7599999666214","44.640000152588","821.47999267578","1.7999999761581","47.740000152588","823.40001220703"
"17:35","0.8200000166893","47.960000610351","821.84000244141","0.41000000834465","47.459999847412","821.85999755859","0.76000000834465","45.720000457764","821.87998046875","0.74000000357628","45.859999847412","822.62000732422","0.74000000357628","44.9","822.47999267578","0.8200000166893","46.8","821.86000976563","0.68000000715256","51.979999542236","822.31999511719","0.76000000834465","43.920000457764","820.43999023438","0.80000001788139","47","822.42000732422"
"17:40","0.18000000417233","47.339999389648","819.91999511719","0.090000002086163","46.819999694824","819.87999267578","0.14000000208616","45.1","819.93999023438","0.1600000038743","45.220000457764","820.67999267578","0.18000000417233","44.240000152588","820.65999755859","0.20000000447035","46.120000457764","819.95999755859","0.080000001192093","51.280000305176","820.41999511719","0.14000000208616","43.3","818.63999023437","0.18000000417233","46.29999923706","820.45999755859"
"17:45","0.020000000298023","46.740000915527","819.5","0.050000000745058","46.219999694824","819.42000732422","0","44.559999847412","819.48000488281","0","44.580000305176","820.2","0.10000000149012","43.740000915527","820.13999023437","0.10000000149012","45.540000152588","819.57999267578","0","50.600000762939","819.95998535156","0","42.740000915527","818.1","0.080000001192093","45.680000305176","820.1"
"17:50","0","46.180000305176","819.14000244141","0","45.720000457764","818.98000488281","0","44.060000610352","819.12000732422","0","44.160000610352","819.8","0","43.240000152588","819.76000976562","0","45.020000457764","819.25998535156","0","50","819.51999511719","0","42.259999847412","817.78000488281","0","45.1","819.71999511719"
"17:55","0","45.740000152588","816.01999511719","0","45.2","816.25999755859","0","43.680000305176","815.67998046875","0","43.640000915527","817.04000244141","0","42.820000457764","816.72000732422","0","44.579999542236","815.98000488281","0","49.540000152588","817.20001220703","0","41.940000915527","815.3","0","44.660000610352","816.65999755859"
"18:00","0","44.120000457764","348.4","0","42.480000305176","399.68000488281","0","39.540000152588","210.2799987793","0","40.520000457764","249.66000366211","0","40.260000610351","379.36000976563","0","41.500000762939","258.06000366211","0","48.380000305176","541.26000061035","0","41.080000305176","730.31999511719","0","42","389.08000488281"
"18:05","0","44.780000305176","0","0","44.300000762939","0","0","42.9","0","0","42.800000762939","0","0","42.060000610352","0","0","43.860000610351","0","0","49.559999847412","0","0","40.840000915527","0","0","43.800000762939","0"
"18:10","0","44.400000762939","0","0","43.880000305176","0","0","42.580000305176","0","0","42.5","0","0","41.640000152588","0","0","43.580000305176","0","0","49.140000152588","0","0","40.980000305176","0","0","43.480000305176","0"
"18:15","0","44.040000152588","0","0","43.480000305176","0","0","42.340000915527","0","0","42.240000152588","0","0","41.380001068115","0","0","43.159999847412","0","0","48.880001068115","0","0","40.580000305176","0","0","43.200000762939","0"
"18:20","0","43.620000457764","0","0","43.140000152588","0","0","42.060000610352","0","0","41.860000610351","0","0","41.1","0","0","42.880001068115","0","0","48.540000152588","0","0","40.080000305176","0","0","42.800000762939","0"
"18:25","0","43.340000915527","0","0","42.680000305176","0","0","41.620000457764","0","0","41.520000457764","0","0","40.700000762939","0","0","42.559999847412","0","0","48.120000457764","0","0","39.720000457764","0","0","42.480000305176","0"
"18:30","0","42.920000457764","0","0","42.360000610351","0","0","41.380001068115","0","0","41.220000457764","0","0","40.420000457764","0","0","42.140000152588","0","0","47.820001220703","0","0","39.280000305176","0","0","42.200000762939","0"
"18:35","0","42.619999694824","0","0","42","0","0","41.140000152588","0","0","40.860000610351","0","0","40.160000610352","0","0","41.900000762939","0","0","47.460000610351","0","0","38.940000915527","0","0","41.840000152588","0"
"18:40","0","42.280000305176","0","0","41.620000457764","0","0","40.9","0","0","40.580000305176","0","0","39.840000152588","0","0","41.620000457764","0","0","47.080000305176","0","0","38.6","0","0","41.520000457764","0"
"18:45","0","41.980000305176","0","0","41.320000457764","0","0","40.580000305176","0","0","40.340000915527","0","0","39.540000152588","0","0","41.2","0","0","46.780001068115","0","0","38.159999847412","0","0","41.280001068115","0"
"18:50","0","41.720000457764","0","0","41.020000457764","0","0","40.420001220703","0","0","40.080000305176","0","0","39.340000915527","0","0","40.960000610351","0","0","46.460000610351","0","0","37.920000457764","0","0","40.920000457764","0"
"18:55","0","41.4","0","0","40.640000152588","0","0","40.240000915527","0","0","39.800000762939","0","0","39.120000457764","0","0","40.820001220703","0","0","46.1","0","0","37.6","0","0","40.620000457764","0"
"19:00","0","41.160000610352","0","0","40.440000915527","0","0","40.040000152588","0","0","39.540000152588","0","0","38.840000152588","0","0","40.520000457764","0","0","45.860000610351","0","0","37.260000610351","0","0","40.340000915527","0"
"19:05","0","40.880001068115","0","0","40.159999847412","0","0","39.800000762939","0","0","39.380001068115","0","0","38.540000152588","0","0","40.140000152588","0","0","45.6","0","0","36.960000610351","0","0","40","0"
"19:10","0","40.720000457764","0","0","39.840000152588","0","0","39.540000152588","0","0","39.140000152588","0","0","38.360001373291","0","0","39.960000610351","0","0","45.220000457764","0","0","36.7","0","0","39.620000457764","0"
"19:15","0","40.5","0","0","39.540000152588","0","0","39.420001220703","0","0","38.9","0","0","38.140000152588","0","0","39.760000610351","0","0","44.960000610351","0","0","36.440000152588","0","0","39.440000915527","0"
"19:20","0","40.180000305176","0","0","39.400000762939","0","0","39.260000610351","0","0","38.6","0","0","37.860000610351","0","0","39.580000305176","0","0","44.780001068115","0","0","36.159999847412","0","0","39.240000915527","0"
"19:25","0","39.960000610351","0","0","39.160000610352","0","0","39.059999847412","0","0","38.440000915527","0","0","37.559999847412","0","0","39.220000457764","0","0","44.5","0","0","35.919999694824","0","0","38.9","0"
"19:30","0","39.880001068115","0","0","38.860000610351","0","0","38.840000152588","0","0","38.280001068115","0","0","37.420001220703","0","0","38.960000610351","0","0","44.140000152588","0","0","35.660000610352","0","0","38.580000305176","0"
"19:35","0","39.639999389648","0","0","38.620000457764","0","0","38.640000152588","0","0","38.160000610352","0","0","37.320001220703","0","0","38.800000762939","0","0","43.980000305176","0","0","35.5","0","0","38.440000915527","0"
"19:40","0","39.4","0","0","38.420001220703","0","0","38.5","0","0","37.959999847412","0","0","37.160000610352","0","0","38.700000762939","0","0","43.840000915527","0","0","35.360000610351","0","0","38.260000610351","0"
"19:45","0","39.200000762939","0","0","38.280001068115","0","0","38.420001220703","0","0","37.700000762939","0","0","37","0","0","38.5","0","0","43.700000762939","0","0","35.180000305176","0","0","38.160000610352","0"
"19:50","0","39","0","0","38.040000152588","0","0","38.280001068115","0","0","37.580000305176","0","0","36.740000915527","0","0","38.300000762939","0","0","43.5","0","0","35.099998474121","0","0","38","0"
"19:55","0","38.880001068115","0","0","37.980000305176","0","0","38.120000457764","0","0","37.460000610351","0","0","36.620000457764","0","0","38.200000762939","0","0","43.280000305176","0","0","34.840000152588","0","0","37.840000152588","0"
"20:00","0","38.760000610351","0","0","37.700000762939","0","0","38","0","0","37.400001525879","0","0","36.440000152588","0","0","38.019999694824","0","0","43.019999694824","0","0","34.740000152588","0","0","37.6","0"
"20:05","0","38.680000305176","0","0","37.5","0","0","37.860000610351","0","0","37.380001068115","0","0","36.29999923706","0","0","37.920001220703","0","0","43","0","0","34.700000762939","0","0","37.5","0"
"20:10","0","38.5","0","0","37.420001220703","0","0","37.700000762939","0","0","37.200000762939","0","0","36.319999694824","0","0","37.900001525879","0","0","42.920001220703","0","0","34.700000762939","0","0","37.440000915527","0"
"20:15","0","38.300000762939","0","0","37.400001525879","0","0","37.580000305176","0","0","37.160000610352","0","0","36.200000762939","0","0","37.800000762939","0","0","42.880001068115","0","0","34.620000457764","0","0","37.400001525879","0"
"20:20","0","38.180000305176","0","0","37.200000762939","0","0","37.440000915527","0","0","36.9","0","0","36.019999694824","0","0","37.559999847412","0","0","42.700000762939","0","0","34.5","0","0","37.180000305176","0"
"20:25","0","38","0","0","37.080000305176","0","0","37.220000457764","0","0","36.700000762939","0","0","35.800000762939","0","0","37.280000305176","0","0","42.580000305176","0","0","34.200000762939","0","0","37","0"
"20:30","0","37.980000305176","0","0","37","0","0","37.140000152588","0","0","36.559999847412","0","0","35.700000762939","0","0","37.200000762939","0","0","42.5","0","0","34.200000762939","0","0","37","0"
"20:35","0","37.900001525879","0","0","36.740000915527","0","0","37","0","0","36.5","0","0","35.700000762939","0","0","37.040000152588","0","0","42.459999847412","0","0","34.200000762939","0","0","36.840000152588","0"
"20:40","0","37.900001525879","0","0","36.700000762939","0","0","37","0","0","36.5","0","0","35.639999389648","0","0","37","0","0","42.200000762939","0","0","34.240000915527","0","0","36.700000762939","0"
"20:45","0","37.920001220703","0","0","36.700000762939","0","0","37","0","0","36.5","0","0","35.700000762939","0","0","37","0","0","42.200000762939","0","0","34.5","0","0","36.980000305176","0"
"20:50","0","37.900001525879","0","0","36.959999847412","0","0","37","0","0","36.5","0","0","35.700000762939","0","0","37","0","0","42.280000305176","0","0","34.5","0","0","37","0"
"20:55","0","37.940000915527","0","0","37","0","0","37","0","0","36.5","0","0","35.700000762939","0","0","37","0","0","42.5","0","0","34.580000305176","0","0","37","0"
"21:00","0","37.940000915527","0","0","37","0","0","37","0","0","36.5","0","0","35.700000762939","0","0","37","0","0","42.5","0","0","34.700000762939","0","0","37","0"
"21:05","0","37.940000915527","0","0","37","0","0","37","0","0","36.5","0","0","35.800000762939","0","0","37.160000610352","0","0","42.5","0","0","34.700000762939","0","0","37","0"
"21:10","0","37.900001525879","0","0","37","0","0","37","0","0","36.5","0","0","36","0","0","37.200000762939","0","0","42.5","0","0","34.700000762939","0","0","37","0"
"21:15","0","37.900001525879","0","0","37","0","0","37","0","0","36.5","0","0","35.800000762939","0","0","37","0","0","42.300000762939","0","0","34.680000305176","0","0","37","0"
"21:20","0","37.900001525879","0","0","36.720000457764","0","0","37","0","0","36.5","0","0","35.700000762939","0","0","37","0","0","42.200000762939","0","0","34.5","0","0","37","0"
"21:25","0","37.900001525879","0","0","36.760000610351","0","0","37","0","0","36.5","0","0","35.740000915527","0","0","37","0","0","42.200000762939","0","0","34.640000152588","0","0","37","0"
"21:30","0","37.900001525879","0","0","37","0","0","37","0","0","36.5","0","0","36","0","0","37.180000305176","0","0","42.300000762939","0","0","34.700000762939","0","0","37","0"
"21:35","0","37.900001525879","0","0","37","0","0","37","0","0","36.660000610352","0","0","36","0","0","37.200000762939","0","0","42.5","0","0","34.740000152588","0","0","37","0"
"21:40","0","37.900001525879","0","0","37","0","0","37","0","0","36.700000762939","0","0","36","0","0","37.200000762939","0","0","42.5","0","0","34.79999923706","0","0","37","0"
"21:45","0","37.880001068115","0","0","37","0","0","37","0","0","36.700000762939","0","0","36","0","0","37.200000762939","0","0","42.5","0","0","34.79999923706","0","0","37","0"
"21:50","0","37.700000762939","0","0","36.959999847412","0","0","37","0","0","36.559999847412","0","0","36","0","0","37.1","0","0","42.5","0","0","34.720000457764","0","0","37","0"
"21:55","0","37.700000762939","0","0","36.700000762939","0","0","37","0","0","36.5","0","0","36","0","0","37","0","0","42.5","0","0","34.700000762939","0","0","37","0"
"22:00","0","37.660000610352","0","0","36.700000762939","0","0","36.880000305176","0","0","36.459999847412","0","0","35.860000610351","0","0","37","0","0","42.240000915527","0","0","34.620000457764","0","0","36.840000152588","0"
"22:05","0","37.5","0","0","36.660000610352","0","0","36.700000762939","0","0","36.29999923706","0","0","35.700000762939","0","0","36.940000915527","0","0","42.200000762939","0","0","34.5","0","0","36.700000762939","0"
"22:10","0","37.5","0","0","36.5","0","0","36.700000762939","0","0","36.29999923706","0","0","35.700000762939","0","0","36.900001525879","0","0","42.040000152588","0","0","34.5","0","0","36.700000762939","0"
"22:15","0","37.5","0","0","36.5","0","0","36.700000762939","0","0","36.29999923706","0","0","35.700000762939","0","0","36.900001525879","0","0","42","0","0","34.5","0","0","36.700000762939","0"
"22:20","0","37.5","0","0","36.5","0","0","36.700000762939","0","0","36.29999923706","0","0","35.700000762939","0","0","36.900001525879","0","0","42","0","0","34.5","0","0","36.700000762939","0"
"22:25","0","37.5","0","0","36.5","0","0","36.700000762939","0","0","36.319999694824","0","0","35.700000762939","0","0","36.900001525879","0","0","42","0","0","34.5","0","0","36.700000762939","0"
"22:30","0","37.5","0","0","36.5","0","0","36.620000457764","0","0","36.319999694824","0","0","35.700000762939","0","0","36.900001525879","0","0","42","0","0","34.5","0","0","36.700000762939","0"
"22:35","0","37.300000762939","0","0","36.5","0","0","36.5","0","0","36.319999694824","0","0","35.619999694824","0","0","36.880001068115","0","0","42","0","0","34.5","0","0","36.700000762939","0"
"22:40","0","37.200000762939","0","0","36.5","0","0","36.5","0","0","36.29999923706","0","0","35.599998474121","0","0","36.700000762939","0","0","42","0","0","34.440000152588","0","0","36.700000762939","0"
"22:45","0","37.200000762939","0","0","36.5","0","0","36.5","0","0","36.319999694824","0","0","35.579998779297","0","0","36.720000457764","0","0","42","0","0","34.459999847412","0","0","36.700000762939","0"
"22:50","0","37.200000762939","0","0","36.5","0","0","36.5","0","0","36.319999694824","0","0","35.579998779297","0","0","36.700000762939","0","0","42","0","0","34.459999847412","0","0","36.680000305176","0"
"22:55","0","37.140000152588","0","0","36.29999923706","0","0","36.5","0","0","36.259999847412","0","0","35.599998474121","0","0","36.700000762939","0","0","41.960000610351","0","0","34.200000762939","0","0","36.5","0"
"23:00","0","37","0","0","36.259999847412","0","0","36.459999847412","0","0","36.180000305176","0","0","35.479999542236","0","0","36.700000762939","0","0","41.900001525879","0","0","34.160000610352","0","0","36.5","0"
"23:05","0","36.900001525879","0","0","36.120000457764","0","0","36.3","0","0","35.980000305176","0","0","35.259999847412","0","0","36.540000152588","0","0","41.740000915527","0","0","34","0","0","36.319999694824","0"
"23:10","0","36.740000915527","0","0","35.840000152588","0","0","36.160000610352","0","0","35.700000762939","0","0","35.120000457764","0","0","36.240000915527","0","0","41.580000305176","0","0","33.759999847412","0","0","36.200000762939","0"
"23:15","0","36.519999694824","0","0","35.680000305176","0","0","36","0","0","35.619998931885","0","0","34.9","0","0","36.140000152588","0","0","41.360000610351","0","0","33.540000152588","0","0","36","0"
"23:20","0","36.320000457764","0","0","35.579998779297","0","0","35.740000915527","0","0","35.419999694824","0","0","34.700000762939","0","0","35.99999923706","0","0","41.140000152588","0","0","33.420000457764","0","0","35.740000915527","0"
"23:25","0","36.159999847412","0","0","35.319999694824","0","0","35.659999847412","0","0","35.259999847412","0","0","34.579998779297","0","0","35.840000152588","0","0","41","0","0","33.200000762939","0","0","35.700000762939","0"
"23:30","0","36.019999694824","0","0","35.220000457764","0","0","35.559999084473","0","0","35.180000305176","0","0","34.379999542236","0","0","35.700000762939","0","0","40.920001220703","0","0","33.099999237061","0","0","35.579998779297","0"
"23:35","0","35.819999694824","0","0","35.080000305176","0","0","35.319999694824","0","0","35","0","0","34.280000305176","0","0","35.580000305176","0","0","40.800000762939","0","0","32.979999542236","0","0","35.440000152588","0"
"23:40","0","35.700000762939","0","0","34.9","0","0","35.220000457764","0","0","34.720000457764","0","0","34.160000610352","0","0","35.459999847412","0","0","40.700000762939","0","0","32.819999694824","0","0","35.259999847412","0"
"23:45","0","35.540000152588","0","0","34.680000305176","0","0","35.120000457764","0","0","34.599999237061","0","0","34","0","0","35.200000762939","0","0","40.5","0","0","32.700000762939","0","0","35.200000762939","0"
"23:50","0","35.280000305176","0","0","34.579998779297","0","0","35","0","0","34.519999694824","0","0","33.840000152588","0","0","35.140000152588","0","0","40.340000152588","0","0","32.559999847412","0","0","35.059999847412","0"
"23:55","0","35.180000305176","0","0","34.340000152588","0","0","35","0","0","34.319999694824","0","0","33.700000762939","0","0","35.079998779297","0","0","40.200000762939","0","0","32.459999847412","0","0","35","0"
"0:00","0","35.039999389648","0","0","34.260000610351","0","0","34.720000457764","0","0","34.3","0","0","33.659999847412","0","0","35.079998779297","0","0","40.019999694824","0","0","32.200000762939","0","0","34.800000762939","0"
